Given Name,Family Name,Project
Simon,Fauvel,Engineering Good
Grace,Tan,Google
Alissa,Imran
Sheryn,Chan,Google
Inam,Hussain,Google
Markku,Lepisto,Google
Dambo,Ren,Google
Bharathi,S,
Rupa,Bharathio,
Stepan,Goncharov,
Tim,Synan,Google
Tim,Sell,Google
Louis,Genest,Google
Paiboon,Wongsasutthikul,Google
Edison,Qi,Google
Danny,Larsson,Google
Elizabeth,Lee,Google
Mark,Lim,Google
Cara,Kwon,Google
Xing Xiu,Sim,TheMasterPlan
Wei Jie Hagios,Lim,TheMasterPlan
Hui Hua Jasmine,Ho,TheMasterPlan
Cai Yun Belinda,Liew,TheMasterPlan
Loong Jin,Chow,
Adrian,Ke,
Paul,Lorett B. Amazona,
Nashin Mahtani,,
Mahardika Fadmastuti,,
Sindhu Chengad,,Microsoft
Jason McDermott,,Google
Alissa,Imran
Sheryn,Chan
Le Zhang,
Victor,Chang Shee Wei
Yew Keong,Koo
Theeraphol,Wattanavekin
Sikieng,Sok
